name,website,SIC,Desc.
AJC DEVELOPMENTS (SOUTH) LIMITED,AJCHOMES.CO.UK,96090,Other service activities n.e.c.
STOLEN GOAT LTD,WWW.STOLENGOAT.COM,96090,Other service activities n.e.c.
LEASE UNITED KINGDOM LIMITED,WWW.LEASEUK.COM,96090,Other service activities n.e.c.
GHB HIRE LIMITED,WWW.GHBHIRE.COM,96090,Other service activities n.e.c.
NORWEB ENERGY LIMITED,WWW.NORWEBENERGY.CO.UK,96090,Other service activities n.e.c.
AZUR LOGISTICS CONSULTANCY LTD,AZURLOGISTICS.CO.UK,96090,Other service activities n.e.c.
R P HUTCHINS LTD,WWW.RPHOVENS.CO.UK,96090,Other service activities n.e.c.
B & G MARKET LTD,WWW.BGMARKET.CO.UK,96090,Other service activities n.e.c.
P.J.R. ENGINEERING LIMITED,PJRENGINEERING.CO.UK,96090,Other service activities n.e.c.
POWERFLOW SOLUTIONS LTD.,WWW.POWERFLOWSOLUTIONS.CO.UK,96090,Other service activities n.e.c.
